{
  "id": "1745896",
  "name": "music",
  "font_family": "iconfont",
  "css_prefix_text": "icon-",
  "description": "",
  "glyphs": [
    {
      "icon_id": "5961113",
      "name": "减少",
      "font_class": "jianshao",
      "unicode": "e621",
      "unicode_decimal": 58913
    },
    {
      "icon_id": "1359684",
      "name": "日历 (6)",
      "font_class": "rili",
      "unicode": "e64c",
      "unicode_decimal": 58956
    },
    {
      "icon_id": "5168277",
      "name": "直播",
      "font_class": "zhibo",
      "unicode": "e6f1",
      "unicode_decimal": 59121
    },
    {
      "icon_id": "5954984",
      "name": "电台",
      "font_class": "diantai",
      "unicode": "e79c",
      "unicode_decimal": 59292
    },
    {
      "icon_id": "9806922",
      "name": "排行榜",
      "font_class": "paihangbang",
      "unicode": "e625",
      "unicode_decimal": 58917
    },
    {
      "icon_id": "10177285",
      "name": "音乐",
      "font_class": "yinle",
      "unicode": "e7b5",
      "unicode_decimal": 59317
    },
    {
      "icon_id": "3068603",
      "name": "更多",
      "font_class": "gengduo1",
      "unicode": "e671",
      "unicode_decimal": 58993
    },
    {
      "icon_id": "83645",
      "name": "搜索",
      "font_class": "search",
      "unicode": "e64b",
      "unicode_decimal": 58955
    },
    {
      "icon_id": "217731",
      "name": "random",
      "font_class": "random",
      "unicode": "e65d",
      "unicode_decimal": 58973
    },
    {
      "icon_id": "376609",
      "name": "caidan1",
      "font_class": "caidan1",
      "unicode": "e7cf",
      "unicode_decimal": 59343
    },
    {
      "icon_id": "1110451",
      "name": "用户",
      "font_class": "yonghu",
      "unicode": "e62f",
      "unicode_decimal": 58927
    },
    {
      "icon_id": "1687195",
      "name": "更多",
      "font_class": "gengduo",
      "unicode": "e6bc",
      "unicode_decimal": 59068
    },
    {
      "icon_id": "2384734",
      "name": "播放",
      "font_class": "bofang",
      "unicode": "e609",
      "unicode_decimal": 58889
    },
    {
      "icon_id": "2696099",
      "name": "暂停",
      "font_class": "ziyuan",
      "unicode": "e6cb",
      "unicode_decimal": 59083
    },
    {
      "icon_id": "5680386",
      "name": "喜欢",
      "font_class": "xihuan",
      "unicode": "e63b",
      "unicode_decimal": 58939
    },
    {
      "icon_id": "6032804",
      "name": "sequence",
      "font_class": "sequence",
      "unicode": "e60c",
      "unicode_decimal": 58892
    },
    {
      "icon_id": "6166486",
      "name": "stop",
      "font_class": "stop",
      "unicode": "e716",
      "unicode_decimal": 59158
    },
    {
      "icon_id": "6955176",
      "name": "清除",
      "font_class": "qingchu",
      "unicode": "e630",
      "unicode_decimal": 58928
    },
    {
      "icon_id": "7774951",
      "name": "删 除",
      "font_class": "shanchu-copy",
      "unicode": "e600",
      "unicode_decimal": 58880
    },
    {
      "icon_id": "7823878",
      "name": "返 回",
      "font_class": "fanhui",
      "unicode": "e65b",
      "unicode_decimal": 58971
    },
    {
      "icon_id": "9356268",
      "name": "暂停 停止",
      "font_class": "zantingtingzhi",
      "unicode": "e643",
      "unicode_decimal": 58947
    },
    {
      "icon_id": "9866318",
      "name": "下一曲",
      "font_class": "xiayiqu",
      "unicode": "e6a7",
      "unicode_decimal": 59047
    },
    {
      "icon_id": "9866328",
      "name": "上一曲",
      "font_class": "shangyiqu",
      "unicode": "e6a8",
      "unicode_decimal": 59048
    },
    {
      "icon_id": "11396566",
      "name": "添加图标",
      "font_class": "addApp",
      "unicode": "e605",
      "unicode_decimal": 58885
    },
    {
      "icon_id": "12785771",
      "name": "删除／数字面板编辑态",
      "font_class": "shanchu1",
      "unicode": "e601",
      "unicode_decimal": 58881
    },
    {
      "icon_id": "13198408",
      "name": "icon_loop",
      "font_class": "icon_loop",
      "unicode": "e74a",
      "unicode_decimal": 59210
    },
    {
      "icon_id": "13289603",
      "name": "播放",
      "font_class": "bofang1",
      "unicode": "e61f",
      "unicode_decimal": 58911
    },
    {
      "icon_id": "13326889",
      "name": "向下",
      "font_class": "down2",
      "unicode": "e602",
      "unicode_decimal": 58882
    },
    {
      "icon_id": "13609186",
      "name": "火热",
      "font_class": "huore",
      "unicode": "e628",
      "unicode_decimal": 58920
    },
    {
      "icon_id": "13801322",
      "name": "喜欢 fill",
      "font_class": "xihuanfill",
      "unicode": "e631",
      "unicode_decimal": 58929
    }
  ]
}
